/* TABLE CREATION AND INSERTION FOR DB1 */
/* DROP TABLE STATEMENTS*/
DROP TABLE BOOKS_TBL CASCADE CONSTRAINTS;
DROP TABLE MUSIC_CD_TBL;
DROP TABLE PURCHASES_TBL;
DROP TABLE CATEGORY_TAB;
DROP TABLE GENRE_TAB;
DROP TABLE PRODUCT_TAB;
DROP TABLE CUSTOMERS_TBL;
DROP SEQUENCE MUSIC_CD_TBL_ID_SEQ;
DROP SEQUENCE BOOKS_TBL_ID_SEQ;
/* CREATE TABLE STATEMENTS FOR DB1*/
CREATE TABLE CATEGORY_TAB (CATEGORY_ID NUMBER, CATEGORY VARCHAR2(255), CONSTRAINT CATEGORY_ID_pk PRIMARY KEY (CATEGORY_ID)); 

CREATE TABLE GENRE_TAB (GENRE_ID NUMBER, GENRE VARCHAR2(255), CONSTRAINT GENRE_pk PRIMARY KEY (GENRE_ID)); --   (CLASSICAL, JAZZ, POP, HIP HOP, ROCK, RAP, FOLK, COUNTRY)

CREATE TABLE PRODUCT_TAB (PRODUCT_ID NUMBER, PRODUCT_TYPE VARCHAR2(255), TITLE VARCHAR2(255), STOCK_COUNT NUMBER, CONSTRAINT PRODUCT_ID_pk PRIMARY KEY (PRODUCT_ID), CONSTRAINT check_PRODUCT_TYPE CHECK (PRODUCT_TYPE IN ('BOOK', 'MUSIC_CD')), CONSTRAINT TITLE_CNST UNIQUE (TITLE)); 

CREATE TABLE BOOKS_TBL (ID number, ISBN NUMBER, PRODUCT_ID NUMBER, TITLE VARCHAR2(255), AUTHORS VARCHAR2(255), PRICE NUMBER, CATEGORY_ID NUMBER, DESCRIPTION VARCHAR2(2000), 
    CONSTRAINT ID_BK_pk PRIMARY KEY (ID), 
    CONSTRAINT fk_CATEGORY_ID
    FOREIGN KEY (CATEGORY_ID)
    REFERENCES CATEGORY_TAB(CATEGORY_ID),
    CONSTRAINT fk_PRODUCT_BK_ID
    FOREIGN KEY (PRODUCT_ID)
    REFERENCES PRODUCT_TAB(PRODUCT_ID),
    CONSTRAINT fk_PRODUCT_book_Title
    FOREIGN KEY (TITLE)
    REFERENCES PRODUCT_TAB(TITLE),
    CONSTRAINT ISBN_UC UNIQUE (ISBN)); 
    
CREATE TABLE MUSIC_CD_TBL (ID NUMBER, PRODUCT_ID NUMBER, TITLE VARCHAR2(255), ARTISTS VARCHAR2(255), RECORD_COMPANY VARCHAR2(255), PRICE NUMBER, GENRE_ID NUMBER, DESCRIPTION VARCHAR2(2000), 
    CONSTRAINT ID_MSC_pk PRIMARY KEY (ID), CONSTRAINT fk_GENRE_ID
    FOREIGN KEY (GENRE_ID)
    REFERENCES GENRE_TAB(GENRE_ID),
    CONSTRAINT fk_PRODUCT_MSC_ID
    FOREIGN KEY (PRODUCT_ID)
    REFERENCES PRODUCT_TAB(PRODUCT_ID),
    CONSTRAINT fk_PRODUCT_MSC_Title
    FOREIGN KEY (TITLE)
    REFERENCES PRODUCT_TAB(TITLE));     
    
CREATE SEQUENCE BOOKS_TBL_ID_SEQ
 START WITH     1
 INCREMENT BY   1
 NOCACHE
 NOCYCLE;

CREATE SEQUENCE MUSIC_CD_TBL_ID_SEQ
 START WITH     1
 INCREMENT BY   1
 NOCACHE
 NOCYCLE;
CREATE TABLE CUSTOMERS_TBL (CUST_ID NUMBER, CUST_NAME VARCHAR2(255), ADDRESS VARCHAR2(2000), PH_NO NUMBER(10), CONSTRAINT CUST_ID_pk PRIMARY KEY (CUST_ID));
CREATE TABLE PURCHASES_TBL (PURCHASE_ID NUMBER, PRODUCT_ID NUMBER, CUST_ID NUMBER, QUANTITY NUMBER, AMOUNT NUMBER, SALE_DATE DATE, CONSTRAINT PURCHASE_ID_pk PRIMARY KEY (PURCHASE_ID), CONSTRAINT fk_PRODUCT
    FOREIGN KEY (PRODUCT_ID)
    REFERENCES PRODUCT_TAB(PRODUCT_ID),
    CONSTRAINT fk_CUST
    FOREIGN KEY (CUST_ID)
    REFERENCES CUSTOMERS_TBL(CUST_ID));
/*Insert into CATEGORY_TAB */
INSERT INTO CATEGORY_TAB (CATEGORY_ID, CATEGORY) VALUES (1, 'MEMOIR');
INSERT INTO CATEGORY_TAB (CATEGORY_ID, CATEGORY) VALUES (2, 'DRAMA');
INSERT INTO CATEGORY_TAB (CATEGORY_ID, CATEGORY) VALUES (3, 'FANTASY');
INSERT INTO CATEGORY_TAB (CATEGORY_ID, CATEGORY) VALUES (4, 'MYSTERY');
INSERT INTO CATEGORY_TAB (CATEGORY_ID, CATEGORY) VALUES (5, 'HUMOUR');
INSERT INTO CATEGORY_TAB (CATEGORY_ID, CATEGORY) VALUES (6, 'FICTION');
INSERT INTO CATEGORY_TAB (CATEGORY_ID, CATEGORY) VALUES (7, 'POETRY');
INSERT INTO CATEGORY_TAB (CATEGORY_ID, CATEGORY) VALUES (8, 'HORRROR');
INSERT INTO CATEGORY_TAB (CATEGORY_ID, CATEGORY) VALUES (9, 'ROMANCE');
INSERT INTO CATEGORY_TAB (CATEGORY_ID, CATEGORY) VALUES (10, 'LITERATURE');
SELECT * FROM CATEGORY_TAB;
/*Insert into GENRE_TAB     */
INSERT INTO GENRE_TAB (GENRE_ID, GENRE) VALUES (1, 'CLASSICAL');
INSERT INTO GENRE_TAB (GENRE_ID, GENRE) VALUES (2, 'JAZZ');
INSERT INTO GENRE_TAB (GENRE_ID, GENRE) VALUES (3, 'POP');
INSERT INTO GENRE_TAB (GENRE_ID, GENRE) VALUES (4, 'HIP HOP');
INSERT INTO GENRE_TAB (GENRE_ID, GENRE) VALUES (5, 'ROCK');
INSERT INTO GENRE_TAB (GENRE_ID, GENRE) VALUES (6, 'RAP');
INSERT INTO GENRE_TAB (GENRE_ID, GENRE) VALUES (7, 'FOLK');
INSERT INTO GENRE_TAB (GENRE_ID, GENRE) VALUES (8, 'COUNTRY');
INSERT INTO GENRE_TAB (GENRE_ID, GENRE) VALUES (9, 'BLUES');
INSERT INTO GENRE_TAB (GENRE_ID, GENRE) VALUES (10, 'ELECTRO');
SELECT * FROM GENRE_TAB;
INSERT INTO PRODUCT_TAB (PRODUCT_ID, PRODUCT_TYPE, TITLE, STOCK_COUNT) VALUES (1, 'BOOK', 'FIFTY SHADES OF GREY', 40);
INSERT INTO PRODUCT_TAB (PRODUCT_ID, PRODUCT_TYPE, TITLE, STOCK_COUNT) VALUES (2, 'BOOK', 'HARRY POTTER AND THE SORCERER¿S STONE', 20);
INSERT INTO PRODUCT_TAB (PRODUCT_ID, PRODUCT_TYPE, TITLE, STOCK_COUNT) VALUES (3, 'BOOK', 'DIVIDE ME BY ZERO', 8);
INSERT INTO PRODUCT_TAB (PRODUCT_ID, PRODUCT_TYPE, TITLE, STOCK_COUNT) VALUES (4, 'BOOK', 'A MIND UNRAVELED', 4);
INSERT INTO PRODUCT_TAB (PRODUCT_ID, PRODUCT_TYPE, TITLE, STOCK_COUNT) VALUES (5, 'BOOK', 'UNBREAKABLE', 0);
INSERT INTO PRODUCT_TAB (PRODUCT_ID, PRODUCT_TYPE, TITLE, STOCK_COUNT) VALUES (6, 'BOOK', 'THE DINOSOR ARTIST', 0);
INSERT INTO PRODUCT_TAB (PRODUCT_ID, PRODUCT_TYPE, TITLE, STOCK_COUNT) VALUES (7, 'MUSIC_CD', 'DAS WOHLTEMPERIERTE KLAVIER. VOL. I', 3);
INSERT INTO PRODUCT_TAB (PRODUCT_ID, PRODUCT_TYPE, TITLE, STOCK_COUNT) VALUES (8, 'MUSIC_CD', 'DYNAMO ROCK', 23);
INSERT INTO PRODUCT_TAB (PRODUCT_ID, PRODUCT_TYPE, TITLE, STOCK_COUNT) VALUES (9, 'MUSIC_CD', 'TRUDY LOVE', 8);
INSERT INTO PRODUCT_TAB (PRODUCT_ID, PRODUCT_TYPE, TITLE, STOCK_COUNT) VALUES (10, 'MUSIC_CD', 'LAST FORVER', 0);
INSERT INTO PRODUCT_TAB (PRODUCT_ID, PRODUCT_TYPE, TITLE, STOCK_COUNT) VALUES (11, 'MUSIC_CD', 'REAL DEED', 0);
INSERT INTO PRODUCT_TAB (PRODUCT_ID, PRODUCT_TYPE, TITLE, STOCK_COUNT) VALUES (12, 'MUSIC_CD', 'KIND OF SHY', 11);
INSERT INTO PRODUCT_TAB (PRODUCT_ID, PRODUCT_TYPE, TITLE, STOCK_COUNT) VALUES (13, 'MUSIC_CD', 'ROMAN DEAL', 40);
INSERT INTO PRODUCT_TAB (PRODUCT_ID, PRODUCT_TYPE, TITLE, STOCK_COUNT) VALUES (14, 'BOOK', 'WISDOM FROM TRUTH', 4);
INSERT INTO PRODUCT_TAB (PRODUCT_ID, PRODUCT_TYPE, TITLE, STOCK_COUNT) VALUES (15, 'BOOK', 'ROSENBAUN TIMES', 1);
INSERT INTO PRODUCT_TAB (PRODUCT_ID, PRODUCT_TYPE, TITLE, STOCK_COUNT) VALUES (16, 'BOOK', 'ANNA KARENINA', 14);
INSERT INTO PRODUCT_TAB (PRODUCT_ID, PRODUCT_TYPE, TITLE, STOCK_COUNT) VALUES (17, 'BOOK', 'ULYSSES', 2);
INSERT INTO PRODUCT_TAB (PRODUCT_ID, PRODUCT_TYPE, TITLE, STOCK_COUNT) VALUES (18, 'MUSIC_CD', 'GIANT STEPS', 0);
INSERT INTO PRODUCT_TAB (PRODUCT_ID, PRODUCT_TYPE, TITLE, STOCK_COUNT) VALUES (19, 'MUSIC_CD', 'BIRTH OF COOL', 8);
INSERT INTO PRODUCT_TAB (PRODUCT_ID, PRODUCT_TYPE, TITLE, STOCK_COUNT) VALUES (20, 'MUSIC_CD', 'SAXAPHONE COLOSSUS', 0);
SELECT * FROM PRODUCT_TAB;             
/*Insert into Books */
INSERT INTO BOOKS_TBL (ID, ISBN, PRODUCT_ID, TITLE, AUTHORS, PRICE, CATEGORY_ID, DESCRIPTION) VALUES (1, 9783844509434, 1, 'FIFTY SHADES OF GREY', 'E. L. JAMES', 20, 9, 'THIS IS A ROMANTIC FICTION');
INSERT INTO BOOKS_TBL (ID, ISBN, PRODUCT_ID, TITLE, AUTHORS, PRICE, CATEGORY_ID, DESCRIPTION) VALUES (2, 9788700631625, 2, 'HARRY POTTER AND THE SORCERER¿S STONE', 'J.K.ROWLING', 50, 6, 'THIS IS A FICTION STORY');
INSERT INTO BOOKS_TBL (ID, ISBN, PRODUCT_ID, TITLE, AUTHORS, PRICE, CATEGORY_ID, DESCRIPTION) VALUES (3, 9783748427374, 3, 'DIVIDE ME BY ZERO', 'LARA VAPNYAR', 45, 6, 'FICTIOUS DRAMA');
INSERT INTO BOOKS_TBL (ID, ISBN, PRODUCT_ID, TITLE, AUTHORS, PRICE, CATEGORY_ID, DESCRIPTION) VALUES (4, 9783564758490, 4, 'A MIND UNRAVELED', 'KURT EICHENWALD', 25, 1, 'A MEMOIR BY KURT');
INSERT INTO BOOKS_TBL (ID, ISBN, PRODUCT_ID, TITLE, AUTHORS, PRICE, CATEGORY_ID, DESCRIPTION) VALUES (5, 9785367474823, 5, 'UNBREAKABLE', 'RICHARD ASKWITH', 38, 1, 'A MEMOIR BY RICHARD');
INSERT INTO BOOKS_TBL (ID, ISBN, PRODUCT_ID, TITLE, AUTHORS, PRICE, CATEGORY_ID, DESCRIPTION) VALUES (6, 9783563763728, 6, 'THE DINOSOR ARTIST', 'PAIGE WILLIAMS', 44, 4, 'MYSTERY DRAMA BY PAIGE WILLIAMS');
INSERT INTO BOOKS_TBL (ID, ISBN, PRODUCT_ID, TITLE, AUTHORS, PRICE, CATEGORY_ID, DESCRIPTION) VALUES (7, 9783844504423, 14, 'WISDOM FROM TRUTH', 'E. L. JAMES', 28, 9, 'THIS IS A ROMANTIC FICTION NOVEL');
INSERT INTO BOOKS_TBL (ID, ISBN, PRODUCT_ID, TITLE, AUTHORS, PRICE, CATEGORY_ID, DESCRIPTION) VALUES (8, 9783844509456, 15, 'ROSENBAUN TIMES', 'PETER AVERY', 18, 4, 'THIS IS A MYSTERY DRAMA');
INSERT INTO BOOKS_TBL (ID, ISBN, PRODUCT_ID, TITLE, AUTHORS, PRICE, CATEGORY_ID, DESCRIPTION) VALUES (9, 9786352632241, 16, 'ANNA KARENINA', 'LEO TOLSTOY', 16, 10, 'LITERARY NOVEL BY LEO TOLSTOY');
INSERT INTO BOOKS_TBL (ID, ISBN, PRODUCT_ID, TITLE, AUTHORS, PRICE, CATEGORY_ID, DESCRIPTION) VALUES (10, 9786352632245, 17, 'ULYSSES', 'JAMES JOYCE', 14, 10, 'LITERATURE JOURNAL FROM 1922');
SELECT * FROM BOOKS_TBL;
/*Insert into MUSIC_CD_TBL  */
INSERT INTO MUSIC_CD_TBL (ID, PRODUCT_ID, TITLE, ARTISTS, RECORD_COMPANY, PRICE, GENRE_ID, DESCRIPTION) VALUES (1, 7, 'DAS WOHLTEMPERIERTE KLAVIER. VOL. I', 'BACH, JOHANN SEBASTIAN', 'ECC MUSIC CDS', 8, 1, 'MUSIC CD FROM 1986 BY ESS MUSIC RECORDS');
INSERT INTO MUSIC_CD_TBL (ID, PRODUCT_ID, TITLE, ARTISTS, RECORD_COMPANY, PRICE, GENRE_ID, DESCRIPTION) VALUES (2, 8, 'DYNAMO ROCK', 'SOLOMON SO, MARK MASON', 'TENURE MUSICALS', 21, 5, 'ROCK MUSIC BY AVERY TROOPS FROM 1988');
INSERT INTO MUSIC_CD_TBL (ID, PRODUCT_ID, TITLE, ARTISTS, RECORD_COMPANY, PRICE, GENRE_ID, DESCRIPTION) VALUES (3, 9, 'TRUDY LOVE', 'ROGER FELLOW', 'MILESTONE MUSICALS', 32, 4, 'HIP HOP MUSIC FROM ROGER AKA. GOODMAN');
INSERT INTO MUSIC_CD_TBL (ID, PRODUCT_ID, TITLE, ARTISTS, RECORD_COMPANY, PRICE, GENRE_ID, DESCRIPTION) VALUES (4, 10, 'LAST FORVER', 'PETER AVERY', 'SAMS ARTIST CLUB', 16, 3, 'POP SONGS FROM PETER AVERY');
INSERT INTO MUSIC_CD_TBL (ID, PRODUCT_ID, TITLE, ARTISTS, RECORD_COMPANY, PRICE, GENRE_ID, DESCRIPTION) VALUES (5, 11, 'REAL DEED', 'SAM WORTHINGTON', 'RUNAWAY ARTIST', 22, 2, 'JAZZ SONGS FROM SAM WORTHINGTON');
INSERT INTO MUSIC_CD_TBL (ID, PRODUCT_ID, TITLE, ARTISTS, RECORD_COMPANY, PRICE, GENRE_ID, DESCRIPTION) VALUES (6, 12, 'KIND OF SHY', 'TIMNOTHY CAULEY', 'HOME MEDIA ENT', 45, 6, 'RAP SONG ALBUM FROM HOME MEDIA');
INSERT INTO MUSIC_CD_TBL (ID, PRODUCT_ID, TITLE, ARTISTS, RECORD_COMPANY, PRICE, GENRE_ID, DESCRIPTION) VALUES (7, 13, 'ROMAN DEAL', 'PETER AVERY', 'UNION CLUB MEDIA', 12, 4, 'HIP HOP BY AVERY TROOPS');
INSERT INTO MUSIC_CD_TBL (ID, PRODUCT_ID, TITLE, ARTISTS, RECORD_COMPANY, PRICE, GENRE_ID, DESCRIPTION) VALUES (8, 18, 'GIANT STEPS', 'MARK RUFFALO', 'JIM BEAN ARTIST', 43, 3, 'POP SONGS FROM JIM BEAN STUDIOS');
INSERT INTO MUSIC_CD_TBL (ID, PRODUCT_ID, TITLE, ARTISTS, RECORD_COMPANY, PRICE, GENRE_ID, DESCRIPTION) VALUES (9, 19, 'BIRTH OF COOL', 'MARK RUFFALO', 'ECC MUSIC CDS', 12, 3, 'POP SONGS FROM JIM BEAN STUDIOS');
INSERT INTO MUSIC_CD_TBL (ID, PRODUCT_ID, TITLE, ARTISTS, RECORD_COMPANY, PRICE, GENRE_ID, DESCRIPTION) VALUES (10, 20, 'SAXAPHONE COLOSSUS', 'MARK RUFFALO', 'JIM BEAN ARTIST', 7, 2, 'JAZZ SONGS FROM JIM BEAN STUDIOS');
SELECT * FROM MUSIC_CD_TBL;
 /*Insert into CUSTOMERS_TBL */
INSERT INTO CUSTOMERS_TBL (CUST_ID, CUST_NAME, ADDRESS, PH_NO) VALUES (1, 'PRMELA SMITH', '5633 VANILLA DR, ORLANDO, FLORIDA 87553', 2554772822);
INSERT INTO CUSTOMERS_TBL (CUST_ID, CUST_NAME, ADDRESS, PH_NO) VALUES (2, 'LAURA SANDRE', '9876 KIRGILA DR, BALIMORE, MARYLAND 21117', 4103564778);
INSERT INTO CUSTOMERS_TBL (CUST_ID, CUST_NAME, ADDRESS, PH_NO) VALUES (3, 'HICKORY ROME', '3422 BALLARD DR, CHICAGO, ILLINOIS 87553', 8973564744);
INSERT INTO CUSTOMERS_TBL (CUST_ID, CUST_NAME, ADDRESS, PH_NO) VALUES (4, 'FELISHA MARY', '4522 RICHWOD DR, BALTIMORE, MARYLAND 21267', 4105637282);
INSERT INTO CUSTOMERS_TBL (CUST_ID, CUST_NAME, ADDRESS, PH_NO) VALUES (5, 'RAMOS CARLEN', '3566 FLORENC DR, BALTIMORE, MARYLAND 21225', 4103455674);
INSERT INTO CUSTOMERS_TBL (CUST_ID, CUST_NAME, ADDRESS, PH_NO) VALUES (6, 'MATT ROMAN', '1758 PLINLIMON STREET, OWINGS MILLS, MARYLAND 21204', 4103455674);
INSERT INTO CUSTOMERS_TBL (CUST_ID, CUST_NAME, ADDRESS, PH_NO) VALUES (7, 'VINAY PACKS', '4578 NITRO DR, CATONSVILLE, MARYLAND 21478', 4103455674);
INSERT INTO CUSTOMERS_TBL (CUST_ID, CUST_NAME, ADDRESS, PH_NO) VALUES (8, 'ELRICH THOMAS', '21 FELLS POINT RD, ELLICOTT CITY, MARYLAND 21425', 4103455674);
INSERT INTO CUSTOMERS_TBL (CUST_ID, CUST_NAME, ADDRESS, PH_NO) VALUES (9, 'PICKET ROY', '54 LOCKART DR, COLUMBIA, MARYLAND 21214', 4103455674);
INSERT INTO CUSTOMERS_TBL (CUST_ID, CUST_NAME, ADDRESS, PH_NO) VALUES (10, 'VINCE MAHOME', '8 VIRIGIA JANE DR, BALTIMORE, MARYLAND 21225', 4103455674);
SELECT * FROM CUSTOMERS_TBL;
/*Insert into PURCHASES_TBL */
INSERT INTO PURCHASES_TBL (PURCHASE_ID, PRODUCT_ID, CUST_ID, QUANTITY, AMOUNT, SALE_DATE) VALUES (1, 2, 1, 4, 60, TIMESTAMP '2018-12-28 00:00:00');
INSERT INTO PURCHASES_TBL (PURCHASE_ID, PRODUCT_ID, CUST_ID, QUANTITY, AMOUNT, SALE_DATE) VALUES (2, 2, 2, 1, 60, TIMESTAMP '2018-12-29 00:00:00');
INSERT INTO PURCHASES_TBL (PURCHASE_ID, PRODUCT_ID, CUST_ID, QUANTITY, AMOUNT, SALE_DATE) VALUES (3, 2, 3, 2, 60, TIMESTAMP '2019-01-03 00:00:00');
INSERT INTO PURCHASES_TBL (PURCHASE_ID, PRODUCT_ID, CUST_ID, QUANTITY, AMOUNT, SALE_DATE) VALUES (4, 2, 4, 4, 60, TIMESTAMP '2019-02-21 00:00:00');
INSERT INTO PURCHASES_TBL (PURCHASE_ID, PRODUCT_ID, CUST_ID, QUANTITY, AMOUNT, SALE_DATE) VALUES (5, 2, 5, 4, 60, TIMESTAMP '2019-03-15 00:00:00');
INSERT INTO PURCHASES_TBL (PURCHASE_ID, PRODUCT_ID, CUST_ID, QUANTITY, AMOUNT, SALE_DATE) VALUES (6, 7, 1, 2, 10, TIMESTAMP '2019-04-14 00:00:00');
INSERT INTO PURCHASES_TBL (PURCHASE_ID, PRODUCT_ID, CUST_ID, QUANTITY, AMOUNT, SALE_DATE) VALUES (7, 7, 2, 1, 10, TIMESTAMP '2019-05-26 00:00:00');
INSERT INTO PURCHASES_TBL (PURCHASE_ID, PRODUCT_ID, CUST_ID, QUANTITY, AMOUNT, SALE_DATE) VALUES (8, 8, 3, 3, 26, TIMESTAMP '2019-06-20 00:00:00');
INSERT INTO PURCHASES_TBL (PURCHASE_ID, PRODUCT_ID, CUST_ID, QUANTITY, AMOUNT, SALE_DATE) VALUES (9, 5, 4, 8, 51, TIMESTAMP '2019-07-22 00:00:00');
INSERT INTO PURCHASES_TBL (PURCHASE_ID, PRODUCT_ID, CUST_ID, QUANTITY, AMOUNT, SALE_DATE) VALUES (10, 3, 5, 1, 50, TIMESTAMP '2019-10-03 00:00:00');
SELECT * FROM PURCHASES_TBL;
/* CREATION AND INSERTION FOR DB2 */
-- Table Names for DB2
/*
PRODUCT
ORDERS
LINE_ITEM
CUSTOMER
*/
DROP TABLE CUSTOMER CASCADE CONSTRAINTS;
DROP TABLE PRODUCT CASCADE CONSTRAINTS;
DROP TABLE ORDERS CASCADE CONSTRAINTS;
DROP TABLE LINE_ITEM CASCADE CONSTRAINTS;
create table customer(
customer_id int,
customer_name varchar(100),
address varchar(50),
email varchar(30),
phone int,
primary key(customer_id)
);

create table product(
product_id int,
product_name varchar(100),
product_type varchar(100),
product_quantity int,
product_price int,
primary key(product_id)
);

create table Orders(
order_id int,
order_date date,
customer_id int,
sales_tax float,
shipping float,
order_status varchar(100),
primary key(order_id),
foreign key(customer_id) references customer(customer_id)
);

create table line_item(
item_id int,
order_id int,
product_id int,
item_description varchar(100),
item_quantity int,
price_per_unit float,
primary key(item_id),
foreign key(order_id) references Orders(order_id),
foreign key(product_id) references product(product_id)
);
/*Insert into CUSTOMER */
INSERT INTO CUSTOMER (CUSTOMER_ID, CUSTOMER_NAME, ADDRESS, EMAIL, PHONE) VALUES (1, 'Shweta', '101 Wheaton way,MD', 'shwetak1@umbc.edu', 9869259039);
INSERT INTO CUSTOMER (CUSTOMER_ID, CUSTOMER_NAME, ADDRESS, EMAIL, PHONE) VALUES (2, 'Raj', '111 ram way, PA', 'rani1@umbc.edu', 9869253839);
INSERT INTO CUSTOMER (CUSTOMER_ID, CUSTOMER_NAME, ADDRESS, EMAIL, PHONE) VALUES (3, 'Omki', '178 boston way, NY', 'Omki1@umbc.edu', 9869267039);
INSERT INTO CUSTOMER (CUSTOMER_ID, CUSTOMER_NAME, ADDRESS, EMAIL, PHONE) VALUES (4, 'Ninad', '189 Wheaton way, TX', 'ninad1@umbc.edu', 9865553039);
INSERT INTO CUSTOMER (CUSTOMER_ID, CUSTOMER_NAME, ADDRESS, EMAIL, PHONE) VALUES (5, 'Rutu', '199 righey way, MD', 'rutu1@umbc.edu', 9869299039);
INSERT INTO CUSTOMER (CUSTOMER_ID, CUSTOMER_NAME, ADDRESS, EMAIL, PHONE) VALUES (6, 'Alka', '156 tilak way, CA', 'alka@umbc.edu', 9869252239);
INSERT INTO CUSTOMER (CUSTOMER_ID, CUSTOMER_NAME, ADDRESS, EMAIL, PHONE) VALUES (7, 'Arun', '123 ellicott way, MD', 'shak1@umbc.edu', 9864453039);
INSERT INTO CUSTOMER (CUSTOMER_ID, CUSTOMER_NAME, ADDRESS, EMAIL, PHONE) VALUES (8, 'David', '167 charleston way, MD', 'etak1@umbc.edu', 6669253039);
INSERT INTO CUSTOMER (CUSTOMER_ID, CUSTOMER_NAME, ADDRESS, EMAIL, PHONE) VALUES (9, 'Sam', '190 chatham way, CA', 'gy67k1@umbc.edu', 9869288039);
INSERT INTO CUSTOMER (CUSTOMER_ID, CUSTOMER_NAME, ADDRESS, EMAIL, PHONE) VALUES (10, 'Rita', '123 cross way, TX', 'skjl991@umbc.edu', 9869200039);
select * from customer;
/*Insert into PURCHASES_TBL */
INSERT INTO PRODUCT (PRODUCT_ID, PRODUCT_NAME, PRODUCT_TYPE, PRODUCT_QUANTITY, PRODUCT_PRICE) VALUES (101, 'BLACK SKIRT', 'BLACK FLORAL SILK SKIRT', 4, 40);
INSERT INTO PRODUCT (PRODUCT_ID, PRODUCT_NAME, PRODUCT_TYPE, PRODUCT_QUANTITY, PRODUCT_PRICE) VALUES (102, 'BLUE SKIRT', 'BLUE FLORAL SILK SKIRT', 2, 40);
INSERT INTO PRODUCT (PRODUCT_ID, PRODUCT_NAME, PRODUCT_TYPE, PRODUCT_QUANTITY, PRODUCT_PRICE) VALUES (103, 'BLACK TOP', 'BLACK ANIMAL PRINT TOP', 1, 30);
INSERT INTO PRODUCT (PRODUCT_ID, PRODUCT_NAME, PRODUCT_TYPE, PRODUCT_QUANTITY, PRODUCT_PRICE) VALUES (104, 'BLUE TOP', 'BLUE ANIMAL PRINT TOP', 3, 35);
INSERT INTO PRODUCT (PRODUCT_ID, PRODUCT_NAME, PRODUCT_TYPE, PRODUCT_QUANTITY, PRODUCT_PRICE) VALUES (105, 'WHITE SCARF', 'WHITE SHIMMER SCARF', 10, 25);
INSERT INTO PRODUCT (PRODUCT_ID, PRODUCT_NAME, PRODUCT_TYPE, PRODUCT_QUANTITY, PRODUCT_PRICE) VALUES (106, 'PINK SCARF', 'PINK SHIMMER SCARF', 7, 30);
INSERT INTO PRODUCT (PRODUCT_ID, PRODUCT_NAME, PRODUCT_TYPE, PRODUCT_QUANTITY, PRODUCT_PRICE) VALUES (107, 'GREEN JEAN', 'GREEN H SILK JEANS', 8, 60);
INSERT INTO PRODUCT (PRODUCT_ID, PRODUCT_NAME, PRODUCT_TYPE, PRODUCT_QUANTITY, PRODUCT_PRICE) VALUES (108, 'PERL SHIRT', 'PERL FORMAL SHIRT', 9, 33);
INSERT INTO PRODUCT (PRODUCT_ID, PRODUCT_NAME, PRODUCT_TYPE, PRODUCT_QUANTITY, PRODUCT_PRICE) VALUES (109, 'SANDLE', 'BEDGE SANDLE', 3, 15);
INSERT INTO PRODUCT (PRODUCT_ID, PRODUCT_NAME, PRODUCT_TYPE, PRODUCT_QUANTITY, PRODUCT_PRICE) VALUES (110, 'GLITTER NAIL PAINT', 'BLACK GLITTER NAIL PAINT', 20, 2);
select * from product;
/*Insert into ORDERS */
INSERT INTO ORDERS (ORDER_ID, ORDER_DATE, CUSTOMER_ID, SALES_TAX, SHIPPING, ORDER_STATUS) VALUES (201, TIMESTAMP '2019-10-12 00:00:00', 1, 0.05, 5, 'Received');
INSERT INTO ORDERS (ORDER_ID, ORDER_DATE, CUSTOMER_ID, SALES_TAX, SHIPPING, ORDER_STATUS) VALUES (202, TIMESTAMP '2019-10-12 00:00:00', 7, 0.05, 5, 'Shipped');
INSERT INTO ORDERS (ORDER_ID, ORDER_DATE, CUSTOMER_ID, SALES_TAX, SHIPPING, ORDER_STATUS) VALUES (203, TIMESTAMP '2019-10-12 00:00:00', 8, 0.05, 5, 'In progress');
INSERT INTO ORDERS (ORDER_ID, ORDER_DATE, CUSTOMER_ID, SALES_TAX, SHIPPING, ORDER_STATUS) VALUES (204, TIMESTAMP '2019-10-10 00:00:00', 6, 0.09, 9, 'In progress');
INSERT INTO ORDERS (ORDER_ID, ORDER_DATE, CUSTOMER_ID, SALES_TAX, SHIPPING, ORDER_STATUS) VALUES (205, TIMESTAMP '2019-10-10 00:00:00', 9, 0.09, 9, 'In progress');
INSERT INTO ORDERS (ORDER_ID, ORDER_DATE, CUSTOMER_ID, SALES_TAX, SHIPPING, ORDER_STATUS) VALUES (206, TIMESTAMP '2019-10-13 00:00:00', 2, 0.04, 4, 'Shipped');
INSERT INTO ORDERS (ORDER_ID, ORDER_DATE, CUSTOMER_ID, SALES_TAX, SHIPPING, ORDER_STATUS) VALUES (207, TIMESTAMP '2019-10-13 00:00:00', 1, 0.05, 5, 'Shipped');
INSERT INTO ORDERS (ORDER_ID, ORDER_DATE, CUSTOMER_ID, SALES_TAX, SHIPPING, ORDER_STATUS) VALUES (208, TIMESTAMP '2019-10-11 00:00:00', 10, 0.03, 4, 'Shipped');
INSERT INTO ORDERS (ORDER_ID, ORDER_DATE, CUSTOMER_ID, SALES_TAX, SHIPPING, ORDER_STATUS) VALUES (209, TIMESTAMP '2019-10-10 00:00:00', 4, 0.03, 4, 'Received');
INSERT INTO ORDERS (ORDER_ID, ORDER_DATE, CUSTOMER_ID, SALES_TAX, SHIPPING, ORDER_STATUS) VALUES (210, TIMESTAMP '2019-10-16 00:00:00', 3, 0.08, 10, 'Received');
select * from orders;
/*Insert into LINE_ITEM */
INSERT INTO LINE_ITEM (ITEM_ID, ORDER_ID, PRODUCT_ID, ITEM_DESCRIPTION, ITEM_QUANTITY, PRICE_PER_UNIT) VALUES (1, 201, 101, 'black floral silk skirt', 1, 40);
INSERT INTO LINE_ITEM (ITEM_ID, ORDER_ID, PRODUCT_ID, ITEM_DESCRIPTION, ITEM_QUANTITY, PRICE_PER_UNIT) VALUES (2, 201, 102, 'blue floral silk skirt', 1, 40);
INSERT INTO LINE_ITEM (ITEM_ID, ORDER_ID, PRODUCT_ID, ITEM_DESCRIPTION, ITEM_QUANTITY, PRICE_PER_UNIT) VALUES (3, 202, 103, 'black animal print top', 2, 30);
INSERT INTO LINE_ITEM (ITEM_ID, ORDER_ID, PRODUCT_ID, ITEM_DESCRIPTION, ITEM_QUANTITY, PRICE_PER_UNIT) VALUES (4, 203, 104, 'blue animal print top', 1, 35);
INSERT INTO LINE_ITEM (ITEM_ID, ORDER_ID, PRODUCT_ID, ITEM_DESCRIPTION, ITEM_QUANTITY, PRICE_PER_UNIT) VALUES (5, 204, 105, 'white shimmer scarf', 2, 25);
INSERT INTO LINE_ITEM (ITEM_ID, ORDER_ID, PRODUCT_ID, ITEM_DESCRIPTION, ITEM_QUANTITY, PRICE_PER_UNIT) VALUES (6, 205, 106, 'pink shimmer scarf', 2, 30);
INSERT INTO LINE_ITEM (ITEM_ID, ORDER_ID, PRODUCT_ID, ITEM_DESCRIPTION, ITEM_QUANTITY, PRICE_PER_UNIT) VALUES (7, 206, 107, 'green H silk jeans', 1, 60);
INSERT INTO LINE_ITEM (ITEM_ID, ORDER_ID, PRODUCT_ID, ITEM_DESCRIPTION, ITEM_QUANTITY, PRICE_PER_UNIT) VALUES (8, 207, 108, 'Perl formal shirt', 1, 33);
INSERT INTO LINE_ITEM (ITEM_ID, ORDER_ID, PRODUCT_ID, ITEM_DESCRIPTION, ITEM_QUANTITY, PRICE_PER_UNIT) VALUES (9, 208, 109, 'bedge sandle', 3, 15);
INSERT INTO LINE_ITEM (ITEM_ID, ORDER_ID, PRODUCT_ID, ITEM_DESCRIPTION, ITEM_QUANTITY, PRICE_PER_UNIT) VALUES (10, 209, 110, 'black glitter nail paint', 1, 2);
INSERT INTO LINE_ITEM (ITEM_ID, ORDER_ID, PRODUCT_ID, ITEM_DESCRIPTION, ITEM_QUANTITY, PRICE_PER_UNIT) VALUES (11, 210, 101, 'black floral silk skirt', 1, 40);
INSERT INTO LINE_ITEM (ITEM_ID, ORDER_ID, PRODUCT_ID, ITEM_DESCRIPTION, ITEM_QUANTITY, PRICE_PER_UNIT) VALUES (12, 210, 102, 'blue floral silk skirt', 1, 40);
INSERT INTO LINE_ITEM (ITEM_ID, ORDER_ID, PRODUCT_ID, ITEM_DESCRIPTION, ITEM_QUANTITY, PRICE_PER_UNIT) VALUES (13, 210, 103, 'black animal print top', 1, 30);
select * from line_item;
/* CREATION AND INSERTION FOR DB3 */
drop table SALES cascade constraints;
drop table ORd_TBL cascade constraints;
drop table PRD cascade constraints;
drop table CUST cascade constraints;
create table CUST(
CUST_ID number,
CUST_NAME varchar2(100),
ADDR varchar2(50),
PH_NUMBER NUMBER,
primary key(CUST_ID) 
);

create table PRD(
PRD_ID number,
PRD_TYPE varchar2(100),
PRD_NAME varchar2(100),
PRD_QUANTITY number,
primary key(PRD_ID)
);

create table Ord_tbl(
ORDER_ID number,
cust_id int,
ORDER_DATE date,
sales_tax float,
shipping float,
order_status varchar2(100),
primary key(order_id)
);

create table sales(
sale_id number,
order_id number,
PRD_ID number,
sale_description varchar2(100),
item_quantity number,
price_per_unit number,
primary key(sale_id),
foreign key(order_id) references Ord_tbl(order_id),
foreign key(PRD_ID) references PRD(PRD_ID )
);
/*Insert into CUST */
INSERT INTO CUST (CUST_ID, CUST_NAME, ADDR, PH_NUMBER) VALUES (11, 'Shweta', '1012 Wheaton way,MD', 9869259029);
INSERT INTO CUST (CUST_ID, CUST_NAME, ADDR, PH_NUMBER) VALUES (10, 'Raj', '1131 ram way, PA', 9869253829);
INSERT INTO CUST (CUST_ID, CUST_NAME, ADDR, PH_NUMBER) VALUES (33, 'OmkiK', '1748 boston way, NY', 9869262039);
INSERT INTO CUST (CUST_ID, CUST_NAME, ADDR, PH_NUMBER) VALUES (44, 'NinadK', '1489 Wheaton way, TX', 9865253039);
INSERT INTO CUST (CUST_ID, CUST_NAME, ADDR, PH_NUMBER) VALUES (55, 'RutuK', '1949 righey way, MD', 9869292039);
INSERT INTO CUST (CUST_ID, CUST_NAME, ADDR, PH_NUMBER) VALUES (66, 'AlkaK', '1546 tilak way, CA', 9869252229);
INSERT INTO CUST (CUST_ID, CUST_NAME, ADDR, PH_NUMBER) VALUES (77, 'ArunK', '1243 ellicott way, MD', 9864423039);
INSERT INTO CUST (CUST_ID, CUST_NAME, ADDR, PH_NUMBER) VALUES (88, 'DavidK', '1467 charleston way, MD', 6629253039);
INSERT INTO CUST (CUST_ID, CUST_NAME, ADDR, PH_NUMBER) VALUES (99, 'SamK', '1904 chatham way, CA', 9869282039);
INSERT INTO CUST (CUST_ID, CUST_NAME, ADDR, PH_NUMBER) VALUES (190, 'RitaK', '1323 cross way, TX', 9869202039);
select * from cust;
/*Insert into PRD */
INSERT INTO PRD (PRD_ID, PRD_TYPE, PRD_NAME, PRD_QUANTITY) VALUES (111, 'Jeans skirt', 'black floral silk skirt', 4);
INSERT INTO PRD (PRD_ID, PRD_TYPE, PRD_NAME, PRD_QUANTITY) VALUES (112, 'Denim skirt', 'blue floral silk skirt', 2);
INSERT INTO PRD (PRD_ID, PRD_TYPE, PRD_NAME, PRD_QUANTITY) VALUES (113, 'Silk top', 'black animal print top', 1);
INSERT INTO PRD (PRD_ID, PRD_TYPE, PRD_NAME, PRD_QUANTITY) VALUES (114, 'Cotton top', 'blue animal print top', 3);
INSERT INTO PRD (PRD_ID, PRD_TYPE, PRD_NAME, PRD_QUANTITY) VALUES (115, 'White scarf', 'white shimmer scarf', 10);
INSERT INTO PRD (PRD_ID, PRD_TYPE, PRD_NAME, PRD_QUANTITY) VALUES (116, 'Pink scarf', 'pink shimmer scarf', 7);
INSERT INTO PRD (PRD_ID, PRD_TYPE, PRD_NAME, PRD_QUANTITY) VALUES (117, 'Green jean', 'green H silk jeans', 8);
INSERT INTO PRD (PRD_ID, PRD_TYPE, PRD_NAME, PRD_QUANTITY) VALUES (118, 'Perl shirt', 'Perl formal shirt', 9);
INSERT INTO PRD (PRD_ID, PRD_TYPE, PRD_NAME, PRD_QUANTITY) VALUES (119, 'Sandle', 'bedge sandle', 3);
INSERT INTO PRD (PRD_ID, PRD_TYPE, PRD_NAME, PRD_QUANTITY) VALUES (120, 'Glitter Nail paint', 'black glitter nail paint', 20);
select * from prd;

/*Insert into ORD_TBL */
INSERT INTO ORD_TBL (ORDER_ID, CUST_ID, ORDER_DATE, SALES_TAX, SHIPPING, ORDER_STATUS) VALUES (221, 22, TIMESTAMP '2019-10-12 00:00:00', 0.05, 5, 'Received');
INSERT INTO ORD_TBL (ORDER_ID, CUST_ID, ORDER_DATE, SALES_TAX, SHIPPING, ORDER_STATUS) VALUES (222, 33, TIMESTAMP '2019-10-12 00:00:00', 0.05, 5, 'Shipped');
INSERT INTO ORD_TBL (ORDER_ID, CUST_ID, ORDER_DATE, SALES_TAX, SHIPPING, ORDER_STATUS) VALUES (223, 44, TIMESTAMP '2019-10-12 00:00:00', 0.05, 5, 'In progress');
INSERT INTO ORD_TBL (ORDER_ID, CUST_ID, ORDER_DATE, SALES_TAX, SHIPPING, ORDER_STATUS) VALUES (224, 55, TIMESTAMP '2019-10-10 00:00:00', 0.09, 9, 'In progress');
INSERT INTO ORD_TBL (ORDER_ID, CUST_ID, ORDER_DATE, SALES_TAX, SHIPPING, ORDER_STATUS) VALUES (225, 44, TIMESTAMP '2019-10-10 00:00:00', 0.09, 9, 'In progress');
INSERT INTO ORD_TBL (ORDER_ID, CUST_ID, ORDER_DATE, SALES_TAX, SHIPPING, ORDER_STATUS) VALUES (226, 66, TIMESTAMP '2019-10-13 00:00:00', 0.04, 4, 'Shipped');
INSERT INTO ORD_TBL (ORDER_ID, CUST_ID, ORDER_DATE, SALES_TAX, SHIPPING, ORDER_STATUS) VALUES (227, 77, TIMESTAMP '2019-10-13 00:00:00', 0.05, 5, 'Shipped');
INSERT INTO ORD_TBL (ORDER_ID, CUST_ID, ORDER_DATE, SALES_TAX, SHIPPING, ORDER_STATUS) VALUES (228, 11, TIMESTAMP '2019-10-11 00:00:00', 0.03, 4, 'Shipped');
INSERT INTO ORD_TBL (ORDER_ID, CUST_ID, ORDER_DATE, SALES_TAX, SHIPPING, ORDER_STATUS) VALUES (229, 22, TIMESTAMP '2019-10-10 00:00:00', 0.03, 4, 'Received');
INSERT INTO ORD_TBL (ORDER_ID, CUST_ID, ORDER_DATE, SALES_TAX, SHIPPING, ORDER_STATUS) VALUES (220, 33, TIMESTAMP '2019-10-16 00:00:00', 0.08, 10, 'Received');
INSERT INTO ORD_TBL (ORDER_ID, CUST_ID, ORDER_DATE, SALES_TAX, SHIPPING, ORDER_STATUS) VALUES (230, 10, TIMESTAMP '2019-10-12 00:00:00', 0.02, 6, 'Shipped');
INSERT INTO ORD_TBL (ORDER_ID, CUST_ID, ORDER_DATE, SALES_TAX, SHIPPING, ORDER_STATUS) VALUES (231, 10, TIMESTAMP '2019-10-14 00:00:00', 0.03, 7, 'Shipped');
select * from ord_tbl;
/*Insert into SALES */
INSERT INTO SALES (SALE_ID, ORDER_ID, PRD_ID, SALE_DESCRIPTION, ITEM_QUANTITY, PRICE_PER_UNIT) VALUES (911, 221, 111, 'black floral silk skirt', 1, 40);
INSERT INTO SALES (SALE_ID, ORDER_ID, PRD_ID, SALE_DESCRIPTION, ITEM_QUANTITY, PRICE_PER_UNIT) VALUES (921, 221, 112, 'blue floral silk skirt', 1, 40);
INSERT INTO SALES (SALE_ID, ORDER_ID, PRD_ID, SALE_DESCRIPTION, ITEM_QUANTITY, PRICE_PER_UNIT) VALUES (931, 222, 113, 'black animal print top', 2, 30);
INSERT INTO SALES (SALE_ID, ORDER_ID, PRD_ID, SALE_DESCRIPTION, ITEM_QUANTITY, PRICE_PER_UNIT) VALUES (941, 223, 114, 'blue animal print top', 1, 35);
INSERT INTO SALES (SALE_ID, ORDER_ID, PRD_ID, SALE_DESCRIPTION, ITEM_QUANTITY, PRICE_PER_UNIT) VALUES (951, 224, 115, 'white shimmer scarf', 2, 25);
INSERT INTO SALES (SALE_ID, ORDER_ID, PRD_ID, SALE_DESCRIPTION, ITEM_QUANTITY, PRICE_PER_UNIT) VALUES (961, 225, 116, 'pink shimmer scarf', 2, 30);
INSERT INTO SALES (SALE_ID, ORDER_ID, PRD_ID, SALE_DESCRIPTION, ITEM_QUANTITY, PRICE_PER_UNIT) VALUES (971, 226, 117, 'green H silk jeans', 1, 60);
INSERT INTO SALES (SALE_ID, ORDER_ID, PRD_ID, SALE_DESCRIPTION, ITEM_QUANTITY, PRICE_PER_UNIT) VALUES (981, 227, 118, 'Perl formal shirt', 1, 33);
INSERT INTO SALES (SALE_ID, ORDER_ID, PRD_ID, SALE_DESCRIPTION, ITEM_QUANTITY, PRICE_PER_UNIT) VALUES (991, 228, 119, 'bedge sandle', 3, 15);
INSERT INTO SALES (SALE_ID, ORDER_ID, PRD_ID, SALE_DESCRIPTION, ITEM_QUANTITY, PRICE_PER_UNIT) VALUES (999, 220, 111, 'black floral silk skirt', 1, 40);
INSERT INTO SALES (SALE_ID, ORDER_ID, PRD_ID, SALE_DESCRIPTION, ITEM_QUANTITY, PRICE_PER_UNIT) VALUES (912, 220, 112, 'blue floral silk skirt', 1, 40);
INSERT INTO SALES (SALE_ID, ORDER_ID, PRD_ID, SALE_DESCRIPTION, ITEM_QUANTITY, PRICE_PER_UNIT) VALUES (913, 220, 113, 'black animal print top', 1, 30);
select * from sales;
